﻿<?xml version="1.0" encoding="utf-8"?>
<helpItems schema="maml" xmlns="http://msh">
  <command:command xmlns:maml="http://schemas.microsoft.com/maml/2004/10" xmlns:command="http://schemas.microsoft.com/maml/dev/command/2004/10" xmlns:dev="http://schemas.microsoft.com/maml/dev/2004/10" xmlns:MSHelp="http://msdn.microsoft.com/mshelp">
    <command:details>
      <command:name>Clear-CurrentUserTemp</command:name>
      <command:verb>Clear</command:verb>
      <command:noun>CurrentUserTemp</command:noun>
      <maml:description>
        <maml:para>Clean old temp files from user profiles.</maml:para>
      </maml:description>
    </command:details>
    <maml:description>
      <maml:para>Remove temp files older than a given number of days from the user's local temp folder.</maml:para>
    </maml:description>
    <command:syntax>
      <command:syntaxItem>
        <maml:name>Clear-CurrentUserTemp</maml:name>
        <command:parameter required="false" variableLength="true" globbing="false" pipelineInput="False" position="1" aliases="none">
          <maml:name>Days</maml:name>
          <maml:Description>
            <maml:para>Remove temp files that are $Days days old or older. The default is 30.</maml:para>
          </maml:Description>
          <command:parameterValue required="true" variableLength="false">Int16</command:parameterValue>
          <dev:type>
            <maml:name>Int16</maml:name>
            <maml:uri />
          </dev:type>
          <dev:defaultValue>30</dev:defaultValue>
        </command:parameter>
        <command:parameter required="false" variableLength="true" globbing="false" pipelineInput="False" position="2" aliases="none">
          <maml:name>TimeOut</maml:name>
          <maml:Description>
            <maml:para>A time limit (seconds) for the looping operation that removes empty directories. The default is 30.</maml:para>
          </maml:Description>
          <command:parameterValue required="true" variableLength="false">Int16</command:parameterValue>
          <dev:type>
            <maml:name>Int16</maml:name>
            <maml:uri />
          </dev:type>
          <dev:defaultValue>30</dev:defaultValue>
        </command:parameter>
        <command:parameter required="false" variableLength="true" globbing="false" pipelineInput="False" position="named" aliases="wi">
          <maml:name>WhatIf</maml:name>
          <maml:Description>
            <maml:para>Shows what would happen if the cmdlet runs. The cmdlet is not run.</maml:para>
          </maml:Description>
          <dev:type>
            <maml:name>SwitchParameter</maml:name>
            <maml:uri />
          </dev:type>
          <dev:defaultValue>False</dev:defaultValue>
        </command:parameter>
        <command:parameter required="false" variableLength="true" globbing="false" pipelineInput="False" position="named" aliases="cf">
          <maml:name>Confirm</maml:name>
          <maml:Description>
            <maml:para>Prompts you for confirmation before running the cmdlet.</maml:para>
          </maml:Description>
          <dev:type>
            <maml:name>SwitchParameter</maml:name>
            <maml:uri />
          </dev:type>
          <dev:defaultValue>False</dev:defaultValue>
        </command:parameter>
      </command:syntaxItem>
    </command:syntax>
    <command:parameters>
      <command:parameter required="false" variableLength="true" globbing="false" pipelineInput="False" position="1" aliases="none">
        <maml:name>Days</maml:name>
        <maml:Description>
          <maml:para>Remove temp files that are $Days days old or older. The default is 30.</maml:para>
        </maml:Description>
        <command:parameterValue required="true" variableLength="false">Int16</command:parameterValue>
        <dev:type>
          <maml:name>Int16</maml:name>
          <maml:uri />
        </dev:type>
        <dev:defaultValue>30</dev:defaultValue>
      </command:parameter>
      <command:parameter required="false" variableLength="true" globbing="false" pipelineInput="False" position="2" aliases="none">
        <maml:name>TimeOut</maml:name>
        <maml:Description>
          <maml:para>A time limit (seconds) for the looping operation that removes empty directories. The default is 30.</maml:para>
        </maml:Description>
        <command:parameterValue required="true" variableLength="false">Int16</command:parameterValue>
        <dev:type>
          <maml:name>Int16</maml:name>
          <maml:uri />
        </dev:type>
        <dev:defaultValue>30</dev:defaultValue>
      </command:parameter>
      <command:parameter required="false" variableLength="true" globbing="false" pipelineInput="False" position="named" aliases="wi">
        <maml:name>WhatIf</maml:name>
        <maml:Description>
          <maml:para>Shows what would happen if the cmdlet runs. The cmdlet is not run.</maml:para>
        </maml:Description>
        <command:parameterValue required="false" variableLength="false">SwitchParameter</command:parameterValue>
        <dev:type>
          <maml:name>SwitchParameter</maml:name>
          <maml:uri />
        </dev:type>
        <dev:defaultValue>False</dev:defaultValue>
      </command:parameter>
      <command:parameter required="false" variableLength="true" globbing="false" pipelineInput="False" position="named" aliases="cf">
        <maml:name>Confirm</maml:name>
        <maml:Description>
          <maml:para>Prompts you for confirmation before running the cmdlet.</maml:para>
        </maml:Description>
        <command:parameterValue required="false" variableLength="false">SwitchParameter</command:parameterValue>
        <dev:type>
          <maml:name>SwitchParameter</maml:name>
          <maml:uri />
        </dev:type>
        <dev:defaultValue>False</dev:defaultValue>
      </command:parameter>
    </command:parameters>
    <command:inputTypes />
    <command:returnValues />
    <maml:alertSet>
      <maml:alert>
        <maml:para></maml:para>
      </maml:alert>
    </maml:alertSet>
    <command:examples>
      <command:example>
        <maml:title>-------------------------- EXAMPLE 1 --------------------------</maml:title>
        <dev:code>Clear-CurrentUserTemp -Days 30</dev:code>
        <dev:remarks>
          <maml:para></maml:para>
        </dev:remarks>
      </command:example>
      <command:example>
        <maml:title>-------------------------- EXAMPLE 2 --------------------------</maml:title>
        <dev:code>Clean-CurrentUserTemp -Days 21 -TimeOut 30</dev:code>
        <dev:remarks>
          <maml:para></maml:para>
        </dev:remarks>
      </command:example>
    </command:examples>
    <command:relatedLinks />
  </command:command>
  <command:command xmlns:maml="http://schemas.microsoft.com/maml/2004/10" xmlns:command="http://schemas.microsoft.com/maml/dev/command/2004/10" xmlns:dev="http://schemas.microsoft.com/maml/dev/2004/10" xmlns:MSHelp="http://msdn.microsoft.com/mshelp">
    <command:details>
      <command:name>Clear-OldExchangeLog</command:name>
      <command:verb>Clear</command:verb>
      <command:noun>OldExchangeLog</command:noun>
      <maml:description>
        <maml:para>Clean out old Exchange Server logs.</maml:para>
      </maml:description>
    </command:details>
    <maml:description>
      <maml:para>Remove any Exchange logs that are older than a specified date.</maml:para>
    </maml:description>
    <command:syntax>
      <command:syntaxItem>
        <maml:name>Clear-OldExchangeLog</maml:name>
        <command:parameter required="false" variableLength="true" globbing="false" pipelineInput="False" position="1" aliases="none">
          <maml:name>Days</maml:name>
          <maml:Description>
            <maml:para>The number of days to keep logs for. Any logs older than this will be removed.</maml:para>
          </maml:Description>
          <command:parameterValue required="true" variableLength="false">Int32</command:parameterValue>
          <dev:type>
            <maml:name>Int32</maml:name>
            <maml:uri />
          </dev:type>
          <dev:defaultValue>60</dev:defaultValue>
        </command:parameter>
        <command:parameter required="false" variableLength="true" globbing="false" pipelineInput="False" position="named" aliases="wi">
          <maml:name>WhatIf</maml:name>
          <maml:Description>
            <maml:para>Shows what would happen if the cmdlet runs. The cmdlet is not run.</maml:para>
          </maml:Description>
          <dev:type>
            <maml:name>SwitchParameter</maml:name>
            <maml:uri />
          </dev:type>
          <dev:defaultValue>False</dev:defaultValue>
        </command:parameter>
        <command:parameter required="false" variableLength="true" globbing="false" pipelineInput="False" position="named" aliases="cf">
          <maml:name>Confirm</maml:name>
          <maml:Description>
            <maml:para>Prompts you for confirmation before running the cmdlet.</maml:para>
          </maml:Description>
          <dev:type>
            <maml:name>SwitchParameter</maml:name>
            <maml:uri />
          </dev:type>
          <dev:defaultValue>False</dev:defaultValue>
        </command:parameter>
      </command:syntaxItem>
    </command:syntax>
    <command:parameters>
      <command:parameter required="false" variableLength="true" globbing="false" pipelineInput="False" position="1" aliases="none">
        <maml:name>Days</maml:name>
        <maml:Description>
          <maml:para>The number of days to keep logs for. Any logs older than this will be removed.</maml:para>
        </maml:Description>
        <command:parameterValue required="true" variableLength="false">Int32</command:parameterValue>
        <dev:type>
          <maml:name>Int32</maml:name>
          <maml:uri />
        </dev:type>
        <dev:defaultValue>60</dev:defaultValue>
      </command:parameter>
      <command:parameter required="false" variableLength="true" globbing="false" pipelineInput="False" position="named" aliases="wi">
        <maml:name>WhatIf</maml:name>
        <maml:Description>
          <maml:para>Shows what would happen if the cmdlet runs. The cmdlet is not run.</maml:para>
        </maml:Description>
        <command:parameterValue required="false" variableLength="false">SwitchParameter</command:parameterValue>
        <dev:type>
          <maml:name>SwitchParameter</maml:name>
          <maml:uri />
        </dev:type>
        <dev:defaultValue>False</dev:defaultValue>
      </command:parameter>
      <command:parameter required="false" variableLength="true" globbing="false" pipelineInput="False" position="named" aliases="cf">
        <maml:name>Confirm</maml:name>
        <maml:Description>
          <maml:para>Prompts you for confirmation before running the cmdlet.</maml:para>
        </maml:Description>
        <command:parameterValue required="false" variableLength="false">SwitchParameter</command:parameterValue>
        <dev:type>
          <maml:name>SwitchParameter</maml:name>
          <maml:uri />
        </dev:type>
        <dev:defaultValue>False</dev:defaultValue>
      </command:parameter>
    </command:parameters>
    <command:inputTypes />
    <command:returnValues />
    <maml:alertSet>
      <maml:alert>
        <maml:para></maml:para>
      </maml:alert>
    </maml:alertSet>
    <command:examples>
      <command:example>
        <maml:title>-------------------------- EXAMPLE 1 --------------------------</maml:title>
        <dev:code>Clear-OldExchangeLog -Days 60</dev:code>
        <dev:remarks>
          <maml:para>This will remove all Exchange logs older than 60 days.</maml:para>
        </dev:remarks>
      </command:example>
    </command:examples>
    <command:relatedLinks />
  </command:command>
  <command:command xmlns:maml="http://schemas.microsoft.com/maml/2004/10" xmlns:command="http://schemas.microsoft.com/maml/dev/command/2004/10" xmlns:dev="http://schemas.microsoft.com/maml/dev/2004/10" xmlns:MSHelp="http://msdn.microsoft.com/mshelp">
    <command:details>
      <command:name>Clear-OldIISLog</command:name>
      <command:verb>Clear</command:verb>
      <command:noun>OldIISLog</command:noun>
      <maml:description>
        <maml:para>A script to clean out old IIS log files.</maml:para>
      </maml:description>
    </command:details>
    <maml:description>
      <maml:para>This script will clean out IIS log files older than x days.</maml:para>
    </maml:description>
    <command:syntax>
      <command:syntaxItem>
        <maml:name>Clear-OldIISLog</maml:name>
        <command:parameter required="false" variableLength="true" globbing="false" pipelineInput="False" position="1" aliases="none">
          <maml:name>Days</maml:name>
          <maml:Description>
            <maml:para>The number of days to keep log files. The default is 30 days.</maml:para>
          </maml:Description>
          <command:parameterValue required="true" variableLength="false">Int16</command:parameterValue>
          <dev:type>
            <maml:name>Int16</maml:name>
            <maml:uri />
          </dev:type>
          <dev:defaultValue>60</dev:defaultValue>
        </command:parameter>
      </command:syntaxItem>
    </command:syntax>
    <command:parameters>
      <command:parameter required="false" variableLength="true" globbing="false" pipelineInput="False" position="1" aliases="none">
        <maml:name>Days</maml:name>
        <maml:Description>
          <maml:para>The number of days to keep log files. The default is 30 days.</maml:para>
        </maml:Description>
        <command:parameterValue required="true" variableLength="false">Int16</command:parameterValue>
        <dev:type>
          <maml:name>Int16</maml:name>
          <maml:uri />
        </dev:type>
        <dev:defaultValue>60</dev:defaultValue>
      </command:parameter>
    </command:parameters>
    <command:inputTypes />
    <command:returnValues />
    <maml:alertSet>
      <maml:alert>
        <maml:para>If the WebAdministration module is available, it will use that to check the specific log file locations for each web site. Otherwise, it checks the assumed default log folder location and the registry for the IIS log file location.</maml:para>
        <maml:para>To Do: Add a summary of which blocks were run and possibly a count of log files removed.</maml:para>
      </maml:alert>
    </maml:alertSet>
    <command:examples>
      <command:example>
        <maml:title>-------------------------- EXAMPLE 1 --------------------------</maml:title>
        <dev:code>Clear-OldIISLogFile -Days 60</dev:code>
        <dev:remarks>
          <maml:para>Removes all IIS log files that are older than 60 days.</maml:para>
        </dev:remarks>
      </command:example>
    </command:examples>
    <command:relatedLinks />
  </command:command>
  <command:command xmlns:maml="http://schemas.microsoft.com/maml/2004/10" xmlns:command="http://schemas.microsoft.com/maml/dev/command/2004/10" xmlns:dev="http://schemas.microsoft.com/maml/dev/2004/10" xmlns:MSHelp="http://msdn.microsoft.com/mshelp">
    <command:details>
      <command:name>Clear-WindowsTemp</command:name>
      <command:verb>Clear</command:verb>
      <command:noun>WindowsTemp</command:noun>
      <maml:description>
        <maml:para>A script to clean out old Windows Temp files.</maml:para>
      </maml:description>
    </command:details>
    <maml:description>
      <maml:para>This script will clean out Windows Temp files older than x days.</maml:para>
    </maml:description>
    <command:syntax>
      <command:syntaxItem>
        <maml:name>Clear-WindowsTemp</maml:name>
        <command:parameter required="false" variableLength="true" globbing="false" pipelineInput="False" position="1" aliases="none">
          <maml:name>Days</maml:name>
          <maml:Description>
            <maml:para>The number of days to keep temp files. The default is 30 days.</maml:para>
          </maml:Description>
          <command:parameterValue required="true" variableLength="false">Int16</command:parameterValue>
          <dev:type>
            <maml:name>Int16</maml:name>
            <maml:uri />
          </dev:type>
          <dev:defaultValue>30</dev:defaultValue>
        </command:parameter>
        <command:parameter required="false" variableLength="true" globbing="false" pipelineInput="False" position="named" aliases="wi">
          <maml:name>WhatIf</maml:name>
          <maml:Description>
            <maml:para>Shows what would happen if the cmdlet runs. The cmdlet is not run.</maml:para>
          </maml:Description>
          <dev:type>
            <maml:name>SwitchParameter</maml:name>
            <maml:uri />
          </dev:type>
          <dev:defaultValue>False</dev:defaultValue>
        </command:parameter>
        <command:parameter required="false" variableLength="true" globbing="false" pipelineInput="False" position="named" aliases="cf">
          <maml:name>Confirm</maml:name>
          <maml:Description>
            <maml:para>Prompts you for confirmation before running the cmdlet.</maml:para>
          </maml:Description>
          <dev:type>
            <maml:name>SwitchParameter</maml:name>
            <maml:uri />
          </dev:type>
          <dev:defaultValue>False</dev:defaultValue>
        </command:parameter>
      </command:syntaxItem>
    </command:syntax>
    <command:parameters>
      <command:parameter required="false" variableLength="true" globbing="false" pipelineInput="False" position="1" aliases="none">
        <maml:name>Days</maml:name>
        <maml:Description>
          <maml:para>The number of days to keep temp files. The default is 30 days.</maml:para>
        </maml:Description>
        <command:parameterValue required="true" variableLength="false">Int16</command:parameterValue>
        <dev:type>
          <maml:name>Int16</maml:name>
          <maml:uri />
        </dev:type>
        <dev:defaultValue>30</dev:defaultValue>
      </command:parameter>
      <command:parameter required="false" variableLength="true" globbing="false" pipelineInput="False" position="named" aliases="wi">
        <maml:name>WhatIf</maml:name>
        <maml:Description>
          <maml:para>Shows what would happen if the cmdlet runs. The cmdlet is not run.</maml:para>
        </maml:Description>
        <command:parameterValue required="false" variableLength="false">SwitchParameter</command:parameterValue>
        <dev:type>
          <maml:name>SwitchParameter</maml:name>
          <maml:uri />
        </dev:type>
        <dev:defaultValue>False</dev:defaultValue>
      </command:parameter>
      <command:parameter required="false" variableLength="true" globbing="false" pipelineInput="False" position="named" aliases="cf">
        <maml:name>Confirm</maml:name>
        <maml:Description>
          <maml:para>Prompts you for confirmation before running the cmdlet.</maml:para>
        </maml:Description>
        <command:parameterValue required="false" variableLength="false">SwitchParameter</command:parameterValue>
        <dev:type>
          <maml:name>SwitchParameter</maml:name>
          <maml:uri />
        </dev:type>
        <dev:defaultValue>False</dev:defaultValue>
      </command:parameter>
    </command:parameters>
    <command:inputTypes />
    <command:returnValues />
    <maml:alertSet>
      <maml:alert>
        <maml:para></maml:para>
      </maml:alert>
    </maml:alertSet>
    <command:examples>
      <command:example>
        <maml:title>-------------------------- EXAMPLE 1 --------------------------</maml:title>
        <dev:code>Clear-WindowsTemp -Days 60</dev:code>
        <dev:remarks>
          <maml:para>Removes all Windows Temp files that are older than 60 days.</maml:para>
        </dev:remarks>
      </command:example>
    </command:examples>
    <command:relatedLinks />
  </command:command>
  <command:command xmlns:maml="http://schemas.microsoft.com/maml/2004/10" xmlns:command="http://schemas.microsoft.com/maml/dev/command/2004/10" xmlns:dev="http://schemas.microsoft.com/maml/dev/2004/10" xmlns:MSHelp="http://msdn.microsoft.com/mshelp">
    <command:details>
      <command:name>Get-StaleUserProfile</command:name>
      <command:verb>Get</command:verb>
      <command:noun>StaleUserProfile</command:noun>
      <maml:description>
        <maml:para>A script to find old, unused user profiles in Windows.</maml:para>
      </maml:description>
    </command:details>
    <maml:description>
      <maml:para>This script finds old, unused profiles in Windows and helps you remove them. It should exclude special accounts and system profiles.</maml:para>
    </maml:description>
    <command:syntax>
      <command:syntaxItem>
        <maml:name>Get-StaleUserProfile</maml:name>
        <command:parameter required="false" variableLength="true" globbing="false" pipelineInput="False" position="1" aliases="none">
          <maml:name>Days</maml:name>
          <maml:Description>
            <maml:para>Number of days to consider a profile stale. The default is 90.</maml:para>
          </maml:Description>
          <command:parameterValue required="true" variableLength="false">Int16</command:parameterValue>
          <dev:type>
            <maml:name>Int16</maml:name>
            <maml:uri />
          </dev:type>
          <dev:defaultValue>90</dev:defaultValue>
        </command:parameter>
        <command:parameter required="false" variableLength="true" globbing="false" pipelineInput="False" position="named" aliases="none">
          <maml:name>ShowSummary</maml:name>
          <maml:Description>
            <maml:para>Show a summary of the stale profiles found.</maml:para>
          </maml:Description>
          <dev:type>
            <maml:name>SwitchParameter</maml:name>
            <maml:uri />
          </dev:type>
          <dev:defaultValue>False</dev:defaultValue>
        </command:parameter>
      </command:syntaxItem>
    </command:syntax>
    <command:parameters>
      <command:parameter required="false" variableLength="true" globbing="false" pipelineInput="False" position="1" aliases="none">
        <maml:name>Days</maml:name>
        <maml:Description>
          <maml:para>Number of days to consider a profile stale. The default is 90.</maml:para>
        </maml:Description>
        <command:parameterValue required="true" variableLength="false">Int16</command:parameterValue>
        <dev:type>
          <maml:name>Int16</maml:name>
          <maml:uri />
        </dev:type>
        <dev:defaultValue>90</dev:defaultValue>
      </command:parameter>
      <command:parameter required="false" variableLength="true" globbing="false" pipelineInput="False" position="named" aliases="none">
        <maml:name>ShowSummary</maml:name>
        <maml:Description>
          <maml:para>Show a summary of the stale profiles found.</maml:para>
        </maml:Description>
        <command:parameterValue required="false" variableLength="false">SwitchParameter</command:parameterValue>
        <dev:type>
          <maml:name>SwitchParameter</maml:name>
          <maml:uri />
        </dev:type>
        <dev:defaultValue>False</dev:defaultValue>
      </command:parameter>
    </command:parameters>
    <command:inputTypes />
    <command:returnValues />
    <maml:alertSet>
      <maml:alert>
        <maml:para>Partially inspired by http://woshub.com/delete-old-user-profiles-gpo-powershell/</maml:para>
      </maml:alert>
    </maml:alertSet>
    <command:examples>
      <command:example>
        <maml:title>-------------------------- EXAMPLE 1 --------------------------</maml:title>
        <dev:code>$StaleUserProfile = Get-StaleUserProfile -ShowSummary</dev:code>
        <dev:remarks>
          <maml:para>Gets stale user profiles into the StaleUserProfiles variable while also showing a summary.</maml:para>
        </dev:remarks>
      </command:example>
    </command:examples>
    <command:relatedLinks />
  </command:command>
  <command:command xmlns:maml="http://schemas.microsoft.com/maml/2004/10" xmlns:command="http://schemas.microsoft.com/maml/dev/command/2004/10" xmlns:dev="http://schemas.microsoft.com/maml/dev/2004/10" xmlns:MSHelp="http://msdn.microsoft.com/mshelp">
    <command:details>
      <command:name>Start-Cleaning</command:name>
      <command:verb>Start</command:verb>
      <command:noun>Cleaning</command:noun>
      <maml:description>
        <maml:para>Show the commands you can give The Cleaners.</maml:para>
      </maml:description>
    </command:details>
    <maml:description>
      <maml:para>Get started with a menu of services The Cleaners can offer.</maml:para>
    </maml:description>
    <command:syntax>
      <command:syntaxItem>
        <maml:name>Start-Cleaning</maml:name>
        <command:parameter required="false" variableLength="true" globbing="false" pipelineInput="False" position="named" aliases="none">
          <maml:name>Dedication</maml:name>
          <maml:Description>
            <maml:para>Show dedication</maml:para>
          </maml:Description>
          <dev:type>
            <maml:name>SwitchParameter</maml:name>
            <maml:uri />
          </dev:type>
          <dev:defaultValue>False</dev:defaultValue>
        </command:parameter>
      </command:syntaxItem>
    </command:syntax>
    <command:parameters>
      <command:parameter required="false" variableLength="true" globbing="false" pipelineInput="False" position="named" aliases="none">
        <maml:name>Dedication</maml:name>
        <maml:Description>
          <maml:para>Show dedication</maml:para>
        </maml:Description>
        <command:parameterValue required="false" variableLength="false">SwitchParameter</command:parameterValue>
        <dev:type>
          <maml:name>SwitchParameter</maml:name>
          <maml:uri />
        </dev:type>
        <dev:defaultValue>False</dev:defaultValue>
      </command:parameter>
    </command:parameters>
    <command:inputTypes />
    <command:returnValues />
    <maml:alertSet>
      <maml:alert>
        <maml:para></maml:para>
      </maml:alert>
    </maml:alertSet>
    <command:examples>
      <command:example>
        <maml:title>-------------------------- EXAMPLE 1 --------------------------</maml:title>
        <dev:code>Start-Cleaning</dev:code>
        <dev:remarks>
          <maml:para>View the menu of services that TheCleaners provide.</maml:para>
        </dev:remarks>
      </command:example>
    </command:examples>
    <command:relatedLinks />
  </command:command>
</helpItems>